{
    "fluid-studio": {
        "editor-visualizer": {
            "enabled": true,
            "render-target": {
                "height": 1080,
                "width": 1920
            },
            "settings": {
                "ambient-light-factor": 0.10000000149011612,
                "background-color": [
                    0.0,
                    0.0,
                    0.0,
                    1.0
                ],
                "boundary-color": [
                    0.5,
                    0.5,
                    0.5,
                    1.0
                ],
                "camera": {
                    "location": [
                        1.0466042757034302,
                        0.7088752388954163,
                        0.6489633321762085
                    ],
                    "looking-at": [
                        -7.566434860229492,
                        -4.171265602111816,
                        0.667130172252655
                    ],
                    "up": [
                        0.0,
                        1.0,
                        0.0
                    ]
                },
                "fluid-color": [
                    0.5,
                    0.5,
                    1.0,
                    1.0
                ],
                "light-direction": [
                    8.0,
                    -12.0,
                    1.0
                ]
            },
            "type": "gl-particle-renderer-3d"
        }
    },
    "scenario": {
        "gravity": 9.8100004196167,
        "particle-size": 0.10000000149011612,
        "particles": "small-particle-size.data",
        "rest-density": 1000.0
    },
    "solver": {
        "gamma": 0.699999988079071,
        "kernel": {
            "type": "cubic-spline-kernel-3d"
        },
        "max-density-error": 0.0010000000474974513,
        "max-iterations": 100,
        "min-iterations": 2,
        "neighborhood-search": {
            "type": "hashed-3d"
        },
        "omega": 0.5,
        "single-layer-boundary-enabled": false,
        "type": "iisph-3d",
        "viscosity": 0.009999999776482582
    },
    "tag-descriptors": [
        {
            "description": "",
            "particle-tag": 2,
            "title": "Tag Descriptor 1"
        }
    ],
    "timestep-generator": {
        "timestep": 0.009999999776482582,
        "type": "constant"
    },
    "version": 2,
    "visualizer": {
        "type": "no-visualizer"
    }
}
