{
    "scenario": {
        "gravity": 9.8100004196167,
        "particle-size": 1.0,
        "particles": "filled-container.data",
        "rest-density": 1.0
    },
    "solver": {
        "gamma": 0.699999988079071,
        "kernel": {
            "type": "cubic-spline-kernel-3d"
        },
        "max-density-error": 0.0010000000474974513,
        "max-iterations": 100,
        "min-iterations": 2,
        "neigborhood-search": {
            "type": "hashed-3d"
        },
        "omega": 0.5,
        "single-layer-boundary-enabled": true,
        "single-layer-settings": {
            "gamma-1": 1.100000023841858
        },
        "timestep": {
            "timestep": 0.0010000000474974513,
            "type": "constant"
        },
        "type": "iisph-3d",
        "viscosity": 5.0
    },
    "version": 1,
    "visualizer": {
        "render-target": {
            "height": 1080,
            "width": 1920
        },
        "settings": {
            "background-color": [
                0.0,
                0.0,
                0.0,
                1.0
            ],
            "boundary-color": [
                0.5,
                0.5,
                0.5,
                1.0
            ],
            "camera": {
                "location": [
                    -8.353535652160645,
                    22.90524673461914,
                    -11.684488296508789
                ],
                "looking-at": [
                    -4.925825595855713,
                    15.959132194519043,
                    -5.519898891448975
                ],
                "up": [
                    0.0,
                    1.0,
                    0.0
                ]
            },
            "fluid-color": [
                0.5,
                0.5,
                1.0,
                1.0
            ],
            "light-direction": [
                8.0,
                -12.0,
                1.0
            ]
        },
        "type": "gl-particle-renderer-3d"
    }
}
